Workbook

Sheet Ringkasan & Profil Media
B2: PROFIL TARGET PERUSAHAAN & BENCHMARK PENGEMBANGAN SOFTWARE
B3: Tugas Capstone SAD 2026: Sistem E-Internship Suara Surabaya Media
C5: A. IDENTITAS & PROFIL TARGET PERUSAHAAN
C6: Nama Perusahaan | D6: PT Radio Suara Surabaya (Suara Surabaya Media)
C7: Bidang Usaha | D7: Media Massa Penyiaran Radio Terestrial (FM 100), Portal Berita Digital (suarasurabaya.net), Multimedia & Live Event
C8: Alamat Kantor | D8: Jl. Raya Wonokitri No. 40, Sawahan, Surabaya, Jawa Timur 60256
C9: Karakteristik Operasional | D9: Pusat informasi publik lalu lintas & berita Jawa Timur dengan volume pelamar magang/PKL mencapai ratusan mahasiswa per semester
C10: Divisi Penerima Magang | D10: 1. Radio On-Air / Gatekeeper, 2. Redaksi Berita Online, 3. Social Media & Multimedia, 4. IT & Web Dev, 5. Traffic & Promosi
C11: Masalah Operasional Utama | D11: Pendaftaran magang masih manual via email/WhatsApp pribadi, berkas tercecer, kuota divisi tidak transparan, dan verifikasi memakan waktu lama
C12: Solusi yang Dibangun | D12: Website E-Internship & Talent Management System terintegrasi (Next.js 14 + Laravel 11 API + PostgreSQL 18)
B14: B. BENCHMARK GAJI DEVELOPER & PENETAPAN TARIF PER ORANG-HARI (OH)
B15: Referensi Standar Gaji Industri TI Surabaya (UMK Surabaya 2026: ~Rp 5.200.000) & Penyesuaian Tarif Proyek Akademik Capstone:
B16: No. | C16: Peran Tim Pengembang | D16: Tanggung Jawab Teknis | E16: Standar Gaji Industri / Bulan | F16: Basis Harian Industri | G16: Tarif Dasar Capstone (OH) | H16: Dasar Acuan & Referensi
B17: 1 | C17: UI/UX Designer | D17: Riset user journey, wireframe, mockup Figma, styling tema Suara Surabaya Blue | E17: 4500000 | F17: 225000 | G17: 30000 | H17: Survei Gaji Desainer Junior Jatim / Glints & Jobstreet 2026
B18: 2 | C18: Full-Stack Web Developer | D18: Pembangunan frontend Next.js 14, backend Laravel 11 REST API, integrasi PostgreSQL | E18: 6000000 | F18: 300000 | G18: 50000 | H18: Standar UMK Surabaya + Skala Upah Programmer Asosiasi Software
B19: 3 | C19: QA & Testing Specialist | D19: Black-box testing, validasi form pendaftaran, pengujian alur verifikasi & bug report | E19: 4000000 | F19: 200000 | G19: 20000 | H19: Standar Pengujian Perangkat Lunak Software Testing Institute
B22: C. REFERENSI RESMI BIAYA INFRASTRUKTUR CLOUD & DOMAIN
B23: No. | C23: Komponen Infrastruktur | D23: Spesifikasi Layanan | E23: Penyedia / Vendor Resmi | F23: Biaya / Bulan | G23: Biaya / Tahun (Rp) | H23: Tautan / Referensi Resmi
B24: 1 | C24: Cloud Server VPS (Compute) | D24: 2 vCPU, 4GB RAM, 60GB NVMe SSD, Bandwidth 3TB | E24: Alibaba Cloud ECS / DigitalOcean Droplet | F24: 359333 | G24: 4312000 | H24: alibabacloud.com/product/ecs | digitalocean.com/pricing ($24/bln)
B25: 2 | C25: Managed PostgreSQL Database | D25: Dedicated PostgreSQL Instance, Auto-Backup, High Availability | E25: Supabase Pro Plan / Alibaba ApsaraDB | F25: 449167 | G25: 5390000 | H25: supabase.com/pricing ($25/bln) | alibabacloud.com/product/rds-postgresql
B26: 3 | C26: Domain Korporat & SSL Certificate | D26: Domain .net / .co.id resmi + Wildcard SSL Certificate 1 Tahun | E26: Niagahoster / IDwebhost | F26: 62500 | G26: 750000 | H26: niagahoster.co.id/domain-murah & idwebhost.com/ssl-murah
C27: TOTAL BIAYA INFRASTRUKTUR CLOUD KOMERSIAL | D27: Estimasi kebutuhan jika sewa cloud publik (1 Tahun) | F27: =SUM(F24:F26) -> 871000 | G27: =SUM(G24:G26) -> 10452000 | H27: Dihitung sebagai acuan CAPEX & OPEX komparasi
B29: Catatan Strategis Realisasi Pengadaan Suara Surabaya Media:
B30: • Infrastruktur Server Eksisting: Suara Surabaya Media telah memiliki server fisik/VM on-premise sendiri di Datacenter Kampoeng Media SS (Wonokitri). Biaya pengadaan/sewa server = Rp 0,-.
B31: • Database Engine: Menggunakan PostgreSQL Local RDBMS (Open Source) yang di-install langsung di server lokal SS Media. Biaya lisensi = Rp 0,-.
B32: • Pengadaan Infrastruktur Riil: HANYA Domain Web Resmi (.id / .net) dan Sertifikat SSL seharga Rp 252.000,-/tahun (Registrar Niagahoster/PANDI).
B33: • Notifikasi: Sistem TIDAK menggunakan WhatsApp API pihak ketiga, seluruh notifikasi status berjalan langsung via In-App Notification (tabel database) di web portal pelamar.

Sheet Pertanyaan Wawancara
B2: DAFTAR PERTANYAAN WAWANCARA & TARGET EVALUASI APLIKASI
B3: Narasumber: HRD & Tim Redaksi Suara Surabaya Media | Kerangka Standar: ISO/IEC 25010 Software Quality
B5: No. | C5: Kriteria / Aspek Evaluasi | D5: Modul / Fitur Sistem | E5: Tujuan Pitching Fitur | F5: Pertanyaan Wawancara (Kata Tanya di Awal, To The Point) | G5: Target Jawaban Narasumber | H5: Referensi Standar
B6: 1 | C6: Kesesuaian Alur Bisnis | D6: Sistem E-Internship Terpadu | E6: Menggantikan pendaftaran manual via email/berkas fisik yang rawan tercecer dengan portal terpusat. | F6: Apakah Bapak/Ibu pernah menggunakan aplikasi sistem pendaftaran magang daring serupa sebelumnya di lingkungan Suara Surabaya Media? | G6: Belum pernah ada sistem khusus; selama ini pelamar mengirim berkas ke email redaksi atau datang langsung membawa surat fisik, lalu kami sortir manual di lemari arsip. | H6: ISO/IEC 25010 - Functional Completeness
B7: 2 | C7: Kesesuaian Alur Bisnis | D7: Portal Publik & Beranda Informasi | E7: Memusatkan kanal informasi jadwal magang dan kuota divisi agar admin tidak dibebani pertanyaan berulang di medsos. | F7: Bagaimana selama ini calon peserta magang mendapatkan informasi pembukaan magang di Suara Surabaya, hingga akhirnya mengajukan berkas dan diproses tim HRD/Redaksi? | G7: Biasanya mahasiswa bertanya lewat DM Instagram atau siaran radio, lalu kami arahkan kirim proposal ke email kantor, namun sering terlewat karena tercampur email berita masuk. | H7: ISO/IEC 25010 - Appropriateness Recognizability
B8: 3 | C8: Kesesuaian Alur Bisnis | D8: Formulir Multi-Step Pendaftaran | E8: Menstandarkan data pelamar secara terstruktur (biodata, kampus, divisi) agar seragam dan langsung siap dinilai. | F8: Apakah alur pendaftaran mandiri (buat akun, isi data diri, pilih divisi, upload berkas) pada aplikasi ini sudah sesuai dengan tahapan seleksi yang Bapak/Ibu terapkan? | G8: Sudah sesuai. Tahapan pengisian dari data diri, asal kampus, divisi yang dituju, hingga unggah berkas sudah persis seperti tahapan formulir cetak kami. | H8: ISO/IEC 25010 - Functional Correctness
B9: 4 | C9: Kelengkapan Dokumen | D9: Validasi & Upload Berkas | E9: Memastikan berkas administratif lengkap sebelum diverifikasi, memfilter pelamar yang tidak memenuhi syarat formal. | F9: Apakah dokumen yang diminta dari calon pelamar (CV, Surat Kampus, KTP/KTM, dan Proposal) sudah lengkap memenuhi standar seleksi di Suara Surabaya? | G9: Sudah sangat lengkap. Keempat berkas itu adalah syarat mutlak administrasi magang di media kami. | H9: ISO/IEC 25010 - Functional Completeness
B10: 5 | C10: Kelengkapan Dokumen | D10: Deteksi Alumni (Re-Apply Logic) | E10: Mencegah duplikasi akun dan mengotomasi alur pendaftaran ulang bagi alumni yang ingin magang kembali di periode berbeda. | F10: Bagaimana cara sistem menangani pelamar alumni magang yang ingin mendaftar kembali pada periode berikutnya? | G10: Sistem otomatis mendeteksi riwayat magang yang sudah lewat dan membuka kembali formulir pengajuan baru tanpa harus membuat akun email baru. | H10: ISO/IEC 25010 - Functional Appropriateness
B11: 6 | C11: Manajemen Kuota Divisi | D11: Master Kuota & Kapasitas Divisi | E11: Mengontrol kapasitas fisik ruangan studio radio dan meja redaksi agar tidak melebihi kapasitas kerja kantor. | F11: Apakah batas kuota maksimal per divisi (On-Air Radio, Redaksi Online, Multimedia, IT) di aplikasi ini sudah membantu mengontrol kapasitas kantor? | G11: Sangat membantu. Divisi studio radio ruangannya terbatas untuk 4-5 orang, jadi batas kuota ini mencegah ruangan terlalu padat. | H11: ISO/IEC 25010 - Resource Utilization
B12: 7 | C12: Manajemen Kuota Divisi | D12: Otomasi Auto-Lock Kuota (Roadmap V2.0) | E12: Menghilangkan komplain pelamar dengan mengunci divisi secara real-time saat kapasitas kuota penerimaan terpenuhi. | F12: Apakah mekanisme penutupan otomatis (Auto-Lock) saat kuota suatu divisi terpenuhi sudah sesuai dengan kebijakan operasional redaksi? | G12: Sudah sangat sesuai. Jika kuota sudah habis, divisi tersebut langsung terkunci sehingga pelamar diarahkan memilih divisi lain yang masih tersedia. | H12: ISO/IEC 25010 - Fault Tolerance
B13: 8 | C13: Penilaian Seleksi Cerdas | D13: Decision Support System (Roadmap V2.0) | E13: Memangkas waktu skrining berkas dari hitungan minggu menjadi detik berdasarkan aturan berkas, kuota, dan jurusan. | F13: Apakah rekomendasi otomatis seleksi berbasis aturan (Rule 1 Berkas, Rule 3 Kuota, Rule 4 Jurusan) mempermudah staf dalam menyaring ratusan berkas? | G13: Sangat mempermudah. Staf kami tidak perlu lagi mencocokkan jurusan pelamar satu per satu dengan divisi yang dilamar. | H13: ISO/IEC 25010 - Time Behaviour
B14: 9 | C14: Pelaporan & Laporan | D14: Dasbor Analitik Pimpinan (Roadmap V2.0) | E14: Menyajikan visualisasi tren pendaftar dan utilisasi divisi secara instan bagi pimpinan redaksi untuk evaluasi. | F14: Apakah informasi grafik pada Dasbor Pimpinan (tren bulanan dan komposisi asal kampus) sudah cukup untuk kebutuhan evaluasi pimpinan redaksi? | G14: Sudah cukup dan informatif. Pimpinan bisa langsung melihat kampus mana yang paling aktif mengirimkan mahasiswa ke Suara Surabaya. | H14: ISO/IEC 25010 - Information Quality
B15: 10 | C15: Pelaporan & Laporan | D15: Ekspor Laporan Excel (.xlsx) (Roadmap V2.0) | E15: Menyediakan rekapitulasi data pendaftar dan arsip kelolosan yang siap dicetak dan dilaporkan ke direksi. | F15: Apakah format ekspor rekapitulasi data pendaftar ke spreadsheet Excel (.xlsx) sudah sesuai untuk arsip administrasi kantor? | G15: Sudah sesuai dan rapi, kolom nama, kampus, divisi, tanggal diterima, dan status sudah lengkap sehingga tidak perlu rekap manual lagi. | H15: ISO/IEC 25010 - Interoperability
B16: 11 | C16: Kemudahan Penggunaan | D16: UI/UX Impeccable (Dual Mode Light/Dark) | E16: Menghadirkan tampilan korporat media modern yang nyaman di mata di ruang studio gelap maupun ruang kantor terang. | F16: Apakah terdapat bagian dari antarmuka aplikasi yang membingungkan atau sulit dioperasikan oleh staf maupun pelamar? | G16: Tidak ada yang membingungkan. Menu navigasi jelas, tombol aksi terlihat tegas, dan perpindahan mode gelap-terang sangat nyaman di mata. | H16: ISO/IEC 25010 - Operability & Error Protection
B17: 12 | C17: Performa Sistem | D17: Optimasi Next.js 14 Pre-Compiled | E17: Menjamin akses cepat tanpa jeda (zero lag) dan hemat kuota internet pengguna. | F17: Bagaimana kecepatan respon dan akses halaman aplikasi saat digunakan melalui komputer kantor maupun smartphone? | G17: Sangat cepat dan responsif, tidak ada jeda yang mengganggu saat berpindah halaman formulir maupun membuka preview berkas. | H17: ISO/IEC 25010 - Performance Efficiency
... B20: 15 | C20: Kesiapan Implementasi | D20: Sistem Siap Deploy On-Premise | E20: Memastikan kesiapan serah terima sistem dan komitmen implementasi resmi di lingkungan Suara Surabaya Media. | F20: Apakah Suara Surabaya Media bersedia menerapkan sistem ini secara resmi untuk periode penerimaan magang selanjutnya? | G20: Kami bersedia menggunakannya secara resmi, diawali dengan pelatihan singkat bagi admin redaksi dan uji coba pada satu gelombang pendaftaran magang. | H20: ISO/IEC 25010 - Compliance & Acceptance

Sheet RAB - Biaya Produksi
B1: RENCANA ANGGARAN BIAYA (RAB) — BIAYA PRODUKSI SOFTWARE
B2: Sistem Informasi E-Internship & Talent Management Suara Surabaya Media
B4: A. INFRASTRUKTUR APLIKASI (PENGADAAN SERVER & DOMAIN SUARA SURABAYA)
B5: No. | C5: Uraian Infrastruktur & Layanan Server | D5: Referensi Vendor / Spesifikasi Teknis | E5: Volume (Jumlah) | F5: Durasi (Tahun) | G5: Total Paket | H5: Harga Satuan / Th (Rp) | I5: Total Biaya (Rp)
B6: 1 | C6: Server On-Premise Suara Surabaya (Compute & Host) | D6: Server Fisik / VM Internal Eksisting di Datacenter SS Media | E6: 1 | F6: 1 | G6: =E6*F6 -> 1 | H6: 0 | I6: =G6*H6 -> 0
B7: 2 | C7: Database Server PostgreSQL (Local On-Premise) | D7: Open-Source RDBMS Terinstal di Server Internal SS Media | E7: 1 | F7: 1 | G7: =E7*F7 -> 1 | H7: 0 | I7: =G7*H7 -> 0
B8: 3 | C8: Domain Web Resmi (.id / .net) & Sertifikat SSL | D8: Registrar Niagahoster / PANDI (Domain Publik Portal Magang) | E8: 1 | F8: 1 | G8: =E8*F8 -> 1 | H8: 252000 | I8: =G8*H8 -> 252000
C9: Subtotal A. Infrastruktur Aplikasi | I9: =SUM(I6:I8) -> 252000
B11: B. BIAYA PENGEMBANGAN PER FITUR & FUNGSI DASAR (VERSI 1.0 - MVP)
B12: No. | C12: Modul / Fitur | D12: Fungsi Dasar Nyata (Yang Dibayar) | E12: Jml Dev | F12: Durasi (Hari) | G12: Total OH | H12: Faktor Kesulitan | I12: Harga Dasar / OH | J12: Biaya Fungsi (Rp) | K12: Versi
B13: 1 | C13: Desain UI/UX Aplikasi | D13: Wireframe & Prototype Alur Pendaftaran | E13: 1 | F13: 3 | G13: =E13*F13 -> 3 | H13: 1 | I13: 30000 | J13: =G13*H13*I13 -> 90000 | K13: V1.0
B14: 2 | C14: Desain UI/UX Aplikasi | D14: Desain UI Final & Asset Suara Surabaya | E14: 1 | F14: 3 | G14: =E14*F14 -> 3 | H14: 1.3 | I14: 30000 | J14: =G14*H14*I14 -> 117000 | K14: V1.0
B15: 3 | C15: Autentikasi Pengguna | D15: Registrasi Akun Pelamar & Login Sanctum Token | E15: 2 | F15: 3 | G15: =E15*F15 -> 6 | H15: 1 | I15: 50000 | J15: =G15*H15*I15 -> 300000 | K15: V1.0
B16: 4 | C16: Otorisasi Hak Akses | D16: Role-Based Access Control (Pelamar, Admin, Pimpinan) | E16: 2 | F16: 2 | G16: =E16*F16 -> 4 | H16: 1.3 | I16: 50000 | J16: =G16*H16*I16 -> 260000 | K16: V1.0
B17: 5 | C17: Beranda & Info Magang | D17: Katalog Profil Divisi & Auto-Slide Banner 5 Detik | E17: 1 | F17: 3 | G17: =E17*F17 -> 3 | H17: 1 | I17: 50000 | J17: =G17*H17*I17 -> 150000 | K17: V1.0
B18: 6 | C18: Formulir Pendaftaran | D18: Formulir Multi-Step Data Diri & Asal Kampus | E18: 2 | F18: 3 | G18: =E18*F18 -> 6 | H18: 1 | I18: 50000 | J18: =G18*H18*I18 -> 300000 | K18: V1.0
B19: 7 | C19: Formulir Pendaftaran | D19: Pemilihan Divisi & Validasi Minat Bidang | E19: 2 | F19: 2 | G19: =E19*F19 -> 4 | H19: 1.3 | I19: 50000 | J19: =G19*H19*I19 -> 260000 | K19: V1.0
B20: 8 | C20: Pengunggahan Berkas | D20: Upload Dokumen (CV, KTP/KTM, Surat, Proposal) | E20: 2 | F20: 3 | G20: =E20*F20 -> 6 | H20: 1.3 | I20: 50000 | J20: =G20*H20*I20 -> 390000 | K20: V1.0
B21: 9 | C21: Pengunggahan Berkas | D21: Validasi Format File & Keamanan Storage Server | E21: 2 | F21: 2 | G21: =E21*F21 -> 4 | H21: 1.3 | I21: 50000 | J21: =G21*H21*I21 -> 260000 | K21: V1.0
B22: 10 | C22: Portal Pelamar | D22: Linimasa Interaktif Status (Menunggu s.d Diterima) | E22: 2 | F22: 3 | G22: =E22*F22 -> 6 | H22: 1 | I22: 50000 | J22: =G22*H22*I22 -> 300000 | K22: V1.0
B23: 11 | C23: Portal Pelamar | D23: Profil Pengguna & Tabel Metadata Akun Sistem | E23: 1 | F23: 2 | G23: =E23*F23 -> 2 | H23: 1 | I23: 50000 | J23: =G23*H23*I23 -> 100000 | K23: V1.0
B24: 12 | C24: Alur Pendaftaran Ulang | D24: Deteksi Otomatis Alumni untuk Re-Apply | E24: 2 | F24: 2 | G24: =E24*F24 -> 4 | H24: 1.3 | I24: 50000 | J24: =G24*H24*I24 -> 260000 | K24: V1.0
... B33: 21 | C33: Testing & QA Sistem | D33: Pengujian Fungsional Black Box Seluruh Alur | E33: 1 | F33: 5 | G33: =E33*F33 -> 5 | H33: 1 | I33: 20000 | J33: =G33*H33*I33 -> 100000 | K33: V1.0
C34: Subtotal B. Biaya Pengembangan (Versi 1.0 Masuk Total Anggaran) | G34: =SUM(G13:G33) -> 90 | J34: =SUM(J13:J33) -> 4797000 | K34: V1.0 Total
B36: ROADMAP PENGEMBANGAN LANJUTAN VERSI 2.0 (ADVANCE - TIDAK MASUK ANGGARAN V1.0)
B37: 22 | C37: Seleksi Cerdas (DSS) | D37: Engine DSS Rule 1 (Berkas) & Rule 3 (Sisa Kuota) | E37: 2 | F37: 4 | G37: =E37*F37 -> 8 | H37: 1.6 | I37: 50000 | J37: =G37*H37*I37 -> 640000 | K37: V2.0
B38: 23 | C38: Seleksi Cerdas (DSS) | D38: Engine DSS Rule 4 (Kesesuaian Jurusan dengan Divisi) | E38: 2 | F38: 5 | G38: =E38*F38 -> 10 | H38: 1.6 | I38: 50000 | J38: =G38*H38*I38 -> 800000 | K38: V2.0
B39: 24 | C39: Otomasi Kuota Dinamis | D39: Auto-Decrement Kuota Real-time & Auto-Lock Divisi | E39: 2 | F39: 3 | G39: =E39*F39 -> 6 | H39: 1.6 | I39: 50000 | J39: =G39*H39*I39 -> 480000 | K39: V2.0
B40: 25 | C40: Dasbor Analitik Pimpinan | D40: Visualisasi Grafik Tren Bulanan & Distribusi Kampus | E40: 2 | F40: 4 | G40: =E40*F40 -> 8 | H40: 1.3 | I40: 40000 | J40: =G40*H40*I40 -> 416000 | K40: V2.0
B41: 26 | C41: Ekspor Laporan Excel | D41: Generate Rekapitulasi Data Pelamar ke Excel (.xlsx) | E41: 1 | F41: 3 | G41: =E41*F41 -> 3 | H41: 1.3 | I41: 50000 | J41: =G41*H41*I41 -> 195000 | K41: V2.0
B42: 27 | C42: Notifikasi Transaksional | D42: Sistem Notifikasi Email Resmi & Pengingat Kedatangan (SMTP) | E42: 1 | F42: 3 | G42: =E42*F42 -> 3 | H42: 1.3 | I42: 50000 | J42: =G42*H42*I42 -> 195000 | K42: V2.0
C43: Subtotal Roadmap V2.0 (TIDAK Masuk Total Anggaran V1.0) | G43: =SUM(G37:G42) -> 38 | J43: =SUM(J37:J42) -> 2726000 | K43: V2.0 Plan
B45: C. BIAYA OPERASIONAL
B46: No. | C46: Uraian Operasional | D46: Rincian Pelaksanaan | E46: Volume (Jumlah) | F46: Frekuensi | G46: Total | H46: Harga Satuan (Rp) | I46: Total Biaya (Rp)
B47: 28 | C47: Sosialisasi & Demo ke Suara Surabaya | D47: Presentasi demo sistem langsung ke pimpinan redaksi & staf HRD SS | E47: 1 | F47: 1 | G47: =E47*F47 -> 1 | H47: 500000 | I47: =G47*H47 -> 500000
B48: 29 | C48: Dokumentasi & Pelatihan Pengguna (Admin) | D48: Penyusunan User Manual & sesi pelatihan operasional staf redaksi | E48: 1 | F48: 1 | G48: =E48*F48 -> 1 | H48: 300000 | I48: =G48*H48 -> 300000
C49: Subtotal C. Biaya Operasional | I49: =SUM(I47:I48) -> 800000
C51: Jumlah Subtotal (A + B [V1.0] + C) | I51: =I9+J34+I49 -> 5849000
C52: Biaya Tak Terduga (10% dari Subtotal) | I52: =I51*0.1 -> 584900
C53: TOTAL ANGGARAN (BIAYA PRODUKSI V1.0) | I53: =I51+I52 -> 6433900

Sheet PER FITUR
B1: REKAPITULASI BIAYA PENGEMBANGAN PER FITUR
B2: Sistem E-Internship Suara Surabaya Media (Volume dalam Orang-Hari & Paket)
B4: No. | C4: Uraian Modul / Fitur Sistem | D4: Jumlah Dev | E4: Durasi (Hari) | F4: Total OH | G4: Harga Satuan (Rp) | H4: Total Biaya (Rp)
B5: A. Pengembangan Fitur V1.0 (Volume dalam Orang-Hari)
B6: 1 | C6: Desain UI/UX Aplikasi (Wireframe & Branding Suara Surabaya) | D6: 1 | E6: 6 | F6: =D6*E6 -> 6 | G6: 30000 | H6: ='RAB - Biaya Produksi'!J13+'RAB - Biaya Produksi'!J14 -> 207000
B7: 2 | C7: Autentikasi & Otorisasi RBAC Sanctum Token (3 Role) | D7: 2 | E7: 5 | F7: =D7*E7 -> 10 | G7: 50000 | H7: ='RAB - Biaya Produksi'!J15+'RAB - Biaya Produksi'!J16 -> 560000
B8: 3 | C8: Beranda & Katalog Profil Divisi (Auto-Slide 5 Detik) | D8: 1 | E8: 3 | F8: =D8*E8 -> 3 | G8: 50000 | H8: ='RAB - Biaya Produksi'!J17 -> 150000
B9: 4 | C9: Formulir Pendaftaran Multi-Step & Pilihan Divisi | D9: 2 | E9: 5 | F9: =D9*E9 -> 10 | G9: 50000 | H9: ='RAB - Biaya Produksi'!J18+'RAB - Biaya Produksi'!J19 -> 560000
B10: 5 | C10: Modul Upload Berkas (Validasi CV, KTP, Surat, Proposal) | D10: 2 | E10: 5 | F10: =D10*E10 -> 10 | G10: 50000 | H10: ='RAB - Biaya Produksi'!J20+'RAB - Biaya Produksi'!J21 -> 650000
B11: 6 | C11: Portal Pelamar & Linimasa Tracking Status | D11: 2 | E11: 5 | F11: =D11*E11 -> 10 | G11: 50000 | H11: ='RAB - Biaya Produksi'!J22+'RAB - Biaya Produksi'!J23 -> 400000
B12: 7 | C12: Alur Pendaftaran Ulang Alumni Magang (Re-Apply) | D12: 2 | E12: 2 | F12: =D12*E12 -> 4 | G12: 50000 | H12: ='RAB - Biaya Produksi'!J24 -> 260000
B13: 8 | C13: Antrean Verifikasi Admin & Preview Berkas | D13: 2 | E13: 5 | F13: =D13*E13 -> 10 | G13: 50000 | H13: ='RAB - Biaya Produksi'!J25+'RAB - Biaya Produksi'!J26 -> 560000
B14: 9 | C14: Form Eksekusi Penerimaan & Penolakan Pelamar | D14: 2 | E14: 3 | F14: =D14*E14 -> 6 | G14: 50000 | H14: ='RAB - Biaya Produksi'!J27+'RAB - Biaya Produksi'!J28 -> 300000
B15: 10 | C15: Manajemen Kuota Divisi Penyiaran & Redaksi | D15: 2 | E15: 4 | F15: =D15*E15 -> 8 | G15: 50000 | H15: ='RAB - Biaya Produksi'!J29+'RAB - Biaya Produksi'!J30 -> 400000
B16: 11 | C16: Antarmuka Responsif & Dual Theme (Light & Dark Mode) | D16: 2 | E16: 3 | F16: =D16*E16 -> 6 | G16: 50000 | H16: ='RAB - Biaya Produksi'!J31 -> 390000
B17: 12 | C17: Deployment Server On-Premise SS & 1-Click Launcher | D17: 1 | E17: 4 | F17: =D17*E17 -> 4 | G17: 50000 | H17: ='RAB - Biaya Produksi'!J32 -> 260000
B18: 13 | C18: Testing & QA Fungsional Sistem | D18: 1 | E18: 5 | F18: =D18*E18 -> 5 | G18: 20000 | H18: ='RAB - Biaya Produksi'!J33 -> 100000
C19: Subtotal A. Pengembangan Fitur V1.0 | F19: =SUM(F6:F18) -> 92 | H19: =SUM(H6:H18) -> 4797000
B21: B. Infrastruktur & Lisensi (Volume dalam Paket / Tahun)
B22: 14 | C22: Server Deployment On-Premise Suara Surabaya (Compute) | D22: 1 | E22: 1 | F22: =D22*E22 -> 1 | G22: 0 | H22: =F22*G22 -> 0
B23: 15 | C23: Database Server Local PostgreSQL (Self-Hosted) | D23: 1 | E23: 1 | F23: =D23*E23 -> 1 | G23: 0 | H23: =F23*G23 -> 0
B24: 16 | C24: Domain Web Resmi (.id / .net) & Sertifikat SSL | D24: 1 | E24: 1 | F24: =D24*E24 -> 1 | G24: 252000 | H24: =F24*G24 -> 252000
C25: Subtotal B. Infrastruktur & Lisensi Tahunan | F25: =SUM(F22:F24) -> 3 | H25: =SUM(H22:H24) -> 252000

Sheet Sumber Dana
B1: SUMBER DANA & RENCANA PENDANAAN PROYEK
B2: Alokasi Pembiayaan Pengembangan Sistem E-Internship Suara Surabaya Media
B4: No. | C4: Sumber Dana | D4: Keterangan & Rencana Alokasi | E4: Jumlah (Rp) | F4: % dari Total
B5: 1 | C5: Dana Mandiri / Patungan Anggota Tim | D5: Cadangan tak terduga & operasional transportasi internal tim | E5: 193400 | F5: =(E5/$E$8) -> 0.02513843
B6: 2 | C6: Dana Kemitraan Klien (Suara Surabaya Media) | D6: Alokasi anggaran pengadaan software on-premise (Sesuai BAST/Kontrak Rp 7,5 Jt) | E6: 7500000 | F6: =(E6/$E$8) -> 0.97486157
B7: 3 | C7: Dana Hibah / Kompetisi Capstone Akademik | D7: Subsidi luaran tugas Analisis & Perancangan Sistem (SAD UINSA 2026) | E7: 0 | F7: =(E7/$E$8) -> 0
C8: TOTAL SUMBER DANA | D8: Total pendanaan tersedia untuk eksekusi proyek | E8: =SUM(E5:E7) -> 7693400 | F8: =SUM(F5:F7) -> 1

Sheet Skema Harga ke Klien
B1: SKEMA PENETAPAN HARGA JUAL KE KLIEN (SUARA SURABAYA MEDIA)
B2: Dihitung dari Biaya Produksi Software di sheet 'RAB - Biaya Produksi'
B4: Referensi Komponen Biaya Dasar Produksi:
B5: Total Biaya Produksi On-Premise Suara Surabaya (A + B + C + Tak Terduga) | D5: ='RAB - Biaya Produksi'!I53 -> 6433900
B6: Biaya Rekayasa Pengembangan Fitur Saja (Bagian B, Versi 1.0) | D6: ='RAB - Biaya Produksi'!J34 -> 4797000
B7: Biaya Infrastruktur Riil Pengadaan Domain & SSL (Bagian A) | D7: ='RAB - Biaya Produksi'!I9 -> 252000
B9: Margin Keuntungan Model Sekali Bayar | C9: 0.3 | D9: (Asumsi margin keuntungan 30% pengadaan perangkat lunak komersial)
B10: Margin Serah Terima Penuh & Source Code | C10: 0.5 | D10: (Margin 50% karena menyerahkan full source code & hak kelola mandiri)
B11: Margin Maintenance Bulanan (SaaS) | C11: 0.25 | D11: (Markup 25% di atas biaya infrastruktur bulanan untuk support rutin)
B13: PILIHAN MODEL HARGA KE KLIEN:
B14: Model Harga | C14: Deskripsi untuk Klien | D14: Cara Hitung / Formula | E14: Estimasi Harga Software | F14: Kesesuaian Suara Surabaya Media
B15: 1. Sewa Cloud Terkelola (Opsi Cloud Hosting) | C15: Opsi jika Suara Surabaya tidak menyediakan server sendiri dan meminta tim menyewa cloud publik (VPS Alibaba Cloud + DB Supabase + Domain). Termasuk garansi 3 bulan. | D15: Biaya Dev V1.0 (D6) + Sewa Cloud 1 Th (Rp 10.452.000) + Ops (Rp 800.000) + Margin 30% | E15: 24587420 | F15: Opsi pembanding jika tidak memanfaatkan server fisik/on-premise milik Suara Surabaya.
B16: 2. Berlangganan (SaaS / B2B) | C16: Model langganan terkelola jika sistem dimonetisasi ke perguruan tinggi mitra (Silver/Gold Partnership) dengan akses kuota prioritas. | D16: Setup: 50% Biaya Dev (Rp 2.971.000) Bulanan: Rp 1.088.750 / bln | E16: Setup: Rp 2.971.000 Bulanan: Rp 1.088.750 | F16: Model ideal untuk ekspansi ekosistem kemitraan kampus luar di masa depan.
B17: 3. Implementasi On-Premise (Server Suara Surabaya) ⭐ | C17: Aplikasi di-deploy langsung pada server fisik / VM internal on-premise milik PT Radio Suara Surabaya (Wonokitri). Biaya sewa server cloud dieliminasi (Rp 0), pengeluaran riil infrastruktur hanya Domain & SSL (Rp 252.000/th). Klien mendapatkan paket lengkap seluruh 12 modul fungsi V1.0, pelatihan admin, dan garansi pemeliharaan lokal. | D17: Paket Flat Enterprise On-Premise (Full Fitur V1.0 + Pelatihan + Garansi) (Kesepakatan Khusus Instansi Suara Surabaya Media) | E17: 7500000 | F17: MODEL TERPILIH KESEPAKATAN: Paling efisien & hemat biaya karena Suara Surabaya telah memiliki server & tim IT mandiri.
